crypto_id,date,price,rsi,volatility_7d
bitcoin,2024-03-08,66944.87639053575,49.91627898086461,0.02218212556373345
bitcoin,2024-03-09,68315.25192078314,49.91627898086461,0.02218212556373345
bitcoin,2024-03-10,68508.0039626159,49.91627898086461,0.02218212556373345
bitcoin,2024-03-11,69075.66688195744,49.91627898086461,0.02218212556373345
bitcoin,2024-03-12,72130.55300765681,49.91627898086461,0.02218212556373345
bitcoin,2024-03-13,71467.17350326062,49.91627898086461,0.02218212556373345
bitcoin,2024-03-14,73097.76702694128,49.91627898086461,0.02218212556373345
bitcoin,2024-03-15,71420.03180142345,49.91627898086461,0.02218212556373345
bitcoin,2024-03-16,69497.7631929463,49.91627898086461,0.02528773019417549
bitcoin,2024-03-17,65292.31329331289,49.91627898086461,0.034791970920539705
bitcoin,2024-03-18,68425.41565643054,49.91627898086461,0.040360071703746184
bitcoin,2024-03-19,67708.94360930806,49.91627898086461,0.035187388925216695
bitcoin,2024-03-20,62132.51737873437,49.91627898086461,0.044952223379630125
bitcoin,2024-03-21,67819.05570684028,49.91627898086461,0.06042198242367179
bitcoin,2024-03-22,65535.97844847657,45.15990918846431,0.06096450913282942
bitcoin,2024-03-23,63509.04496523133,41.389192249102585,0.06116174638616085
bitcoin,2024-03-24,64285.80279102199,43.34158035235298,0.05745503604922987
bitcoin,2024-03-25,67310.98326810106,50.28714399297972,0.05732467001880939
bitcoin,2024-03-26,69938.94530200244,55.401762177607104,0.058983972154294205
bitcoin,2024-03-27,70082.05122475982,55.66923088292946,0.04480236714868721
bitcoin,2024-03-28,69435.75040305211,54.09145355351913,0.03153478049841971
bitcoin,2024-03-29,70710.19534863312,56.697683183900644,0.027045981428462592
bitcoin,2024-03-30,69919.05546148612,54.62456522388313,0.022578203874506302
bitcoin,2024-03-31,69702.3087473573,54.041562580635166,0.023508014657928795
bitcoin,2024-04-01,71246.95144060145,57.52105909827312,0.018682319415909306
bitcoin,2024-04-02,69785.92503802372,53.40265713992284,0.01566424002814023
bitcoin,2024-04-03,65440.41922587159,43.440308931958995,0.028070703601629127
bitcoin,2024-04-04,66123.938539074,45.1728736765543,0.029057867276596414
bitcoin,2024-04-05,68542.17715279506,50.90307382768539,0.032298852602995906
bitcoin,2024-04-06,67978.61023408506,49.60199247000872,0.03220790625220607
bitcoin,2024-04-07,69000.6499164776,51.99820257434594,0.032971380396651456
bitcoin,2024-04-08,69401.97360911008,52.944299210524136,0.031611064037040226
bitcoin,2024-04-09,71624.18486236996,57.89316650091822,0.03304863674196216
bitcoin,2024-04-10,69158.64381207665,51.430313043450944,0.024207994701093107
bitcoin,2024-04-11,70527.88997578963,54.47012973661833,0.02460886143227551
bitcoin,2024-04-12,70106.66413070948,53.36364422372642,0.021919182046998182
bitcoin,2024-04-13,67252.10504226631,46.47387164199627,0.027524089477589355
bitcoin,2024-04-14,64404.82548907413,40.813568039538836,0.030285381985449555
bitcoin,2024-04-15,65752.66004728881,44.27362183554601,0.03203878054655644
bitcoin,2024-04-16,63430.5714573684,39.941398482905505,0.028159187340635404
bitcoin,2024-04-17,63720.501587480736,40.72134243925253,0.027962626841091614
bitcoin,2024-04-18,61328.89798860725,36.50947841845827,0.025637913366607066
bitcoin,2024-04-19,63461.59269510717,42.24611856562883,0.03283276998886922
bitcoin,2024-04-20,63988.818471785664,43.60274204656834,0.03129220856554884
bitcoin,2024-04-21,64894.41869109179,45.95123102692306,0.027626610186465755
bitcoin,2024-04-22,64936.4207567739,46.06341551055217,0.026268982935107977
bitcoin,2024-04-23,66841.66685207361,51.02879961845023,0.023625037881168286
bitcoin,2024-04-24,66406.95244392671,49.90002354089317,0.02423642709233633
bitcoin,2024-04-25,64279.51812857524,44.6900008347203,0.022619726375015446
bitcoin,2024-04-26,64486.183359158975,45.28761441399712,0.01900724638382103
bitcoin,2024-04-27,63802.330049258766,43.608545107716786,0.0193757517636904
bitcoin,2024-04-28,63517.248743409626,42.89457178532354,0.018317281656630928
bitcoin,2024-04-29,63030.433616681854,41.640825313383274,0.018317213112701757
bitcoin,2024-04-30,63797.67963589958,44.399142100582154,0.013647125165066191
bitcoin,2024-05-01,60749.47209216387,36.93088458827096,0.020710178543648344
bitcoin,2024-05-02,58297.57407532549,32.23407956737698,0.02220706789330298
bitcoin,2024-05-03,59135.1733607733,35.26297405198494,0.02394966641446664
bitcoin,2024-05-04,62839.34073569376,46.62486845698179,0.03708374817932803
bitcoin,2024-05-05,63820.451902924986,49.16955457370878,0.03759669203501069
bitcoin,2024-05-06,64010.00865210892,49.66882751109547,0.03738913169334261
bitcoin,2024-05-07,63172.48129551341,47.45111637153686,0.037552583448360585
bitcoin,2024-05-08,62363.057191718624,45.34393420019139,0.03220796530575139
bitcoin,2024-05-09,61215.50400879193,42.4647739522156,0.027930878561070363
bitcoin,2024-05-10,63148.59994309703,48.40765670010626,0.029374143662797378
bitcoin,2024-05-11,60888.21674957157,42.83598587592351,0.02264596918557829
bitcoin,2024-05-12,60776.97207917213,42.576256726275325,0.020992128250630487
bitcoin,2024-05-13,61507.05400412135,44.93595828158862,0.021947660975752323
bitcoin,2024-05-14,62878.783300729294,49.1629142778638,0.023892171353494383
bitcoin,2024-05-15,61569.1130057734,45.56639372818036,0.02476136871104433
bitcoin,2024-05-16,66220.51831432826,57.46718727531471,0.036698870546666436
bitcoin,2024-05-17,65260.879803346186,54.805008419637616,0.036703384893304575
bitcoin,2024-05-18,67053.12326509564,58.657064639216884,0.03244700633430068
bitcoin,2024-05-19,66912.61861403697,58.2379941348128,0.03246940548823267
bitcoin,2024-05-20,66252.71259591613,56.20688906948428,0.03375056752182112
bitcoin,2024-05-21,71430.29700215145,66.17465795452983,0.042335551851409185
bitcoin,2024-05-22,70189.8358177002,62.504026092213266,0.041807871082899614
bitcoin,2024-05-23,69181.20085677762,59.608720263798645,0.03502353018126064
bitcoin,2024-05-24,67906.46534276106,56.07351232707347,0.03545067475102699
bitcoin,2024-05-25,68539.91646552991,57.42477513709756,0.03428235750026425
bitcoin,2024-05-26,69268.44558973772,58.98738062086047,0.034265992017062236
bitcoin,2024-05-27,68508.83110875699,56.65261466134708,0.03435060179859893
bitcoin,2024-05-28,69367.23871755725,58.64466711048007,0.014187236782366826
bitcoin,2024-05-29,68316.63588049631,55.295350729289126,0.013862058808635943
bitcoin,2024-05-30,67577.26558995963,53.00120246971275,0.01346941980164905
bitcoin,2024-05-31,68372.49288434093,55.15621164423947,0.012613447929853501
bitcoin,2024-06-01,67474.95483698409,52.24449451302349,0.013005339172628545
bitcoin,2024-06-02,67704.32641811523,52.9283830016077,0.01207391274831859
bitcoin,2024-06-03,67740.01690222476,53.04107096882594,0.011613687130979034
bitcoin,2024-06-04,68808.29368590549,56.40517487992973,0.01231214833792679
bitcoin,2024-06-05,70600.01116676089,61.39988452079453,0.014175521367203448
bitcoin,2024-06-06,71184.59943059199,62.89367105919518,0.012395134756033611
bitcoin,2024-06-07,70759.58819301432,61.04406851994534,0.013171461146819824
bitcoin,2024-06-08,69325.36238847222,55.14995577766703,0.01496328380537394
bitcoin,2024-06-09,69315.1041233966,55.10896951431282,0.015045598329432764
bitcoin,2024-06-10,69654.16073760358,56.265871642748365,0.014994082026407389
bitcoin,2024-06-11,69493.17760915738,55.53407666248367,0.014180911364631663
bitcoin,2024-06-12,67329.15232724321,46.734724271201976,0.014159356633495749
bitcoin,2024-06-13,68224.51967501991,50.24734320264667,0.01513560034528074
bitcoin,2024-06-14,66700.31696564378,44.827824923628015,0.016354932200304234
bitcoin,2024-06-15,66011.07873713733,42.59078106890764,0.015553398175853207
bitcoin,2024-06-16,66190.4874891135,43.38279749478205,0.01579563290216046
bitcoin,2024-06-17,66615.53782131766,45.30792016254859,0.015988307165010648
bitcoin,2024-06-18,66460.38897909952,44.710320088648665,0.0159875776684423
bitcoin,2024-06-19,65109.31481219048,39.78866456289896,0.013512233041960463
bitcoin,2024-06-20,64907.07460760319,39.09492445768838,0.011072966753321584
bitcoin,2024-06-21,64844.67441797763,38.86973290671678,0.008881735664035263
bitcoin,2024-06-22,64071.624284709695,36.095806725337226,0.009088705290067943
bitcoin,2024-06-23,64239.90348813148,37.147319655902685,0.009077138576345475
bitcoin,2024-06-24,63221.35738437477,33.54899979789536,0.008614261183234335
bitcoin,2024-06-25,60363.23497529626,25.952191918404765,0.016255174774491753
bitcoin,2024-06-26,61770.41387009536,33.88953168594598,0.020916375981719748
bitcoin,2024-06-27,60749.89619402014,31.271541825285354,0.021081769524850618
bitcoin,2024-06-28,61562.64532550036,35.54223436056769,0.022655824056618323
bitcoin,2024-06-29,60317.09697945116,32.2362901565146,0.023158500874489056
bitcoin,2024-06-30,60864.44316193428,35.093393089548755,0.023787882136541493
bitcoin,2024-07-01,62734.39383945474,43.80987881232964,0.027296157182607913
bitcoin,2024-07-02,62819.82226921849,44.17869456407933,0.0191117796289188
bitcoin,2024-07-03,62042.5650371006,41.509131584038194,0.01843138393489547
bitcoin,2024-07-04,60244.68076433092,36.07842316605259,0.0208253815270981
bitcoin,2024-07-05,57189.17412408636,29.108359437873077,0.026707047307969346
bitcoin,2024-07-06,56739.86285107204,28.24425141773301,0.02633645535694109
bitcoin,2024-07-07,58230.4841542266,35.12495245106393,0.028913587156435067
bitcoin,2024-07-08,55880.3753776708,30.20695536977695,0.02625145439841495
bitcoin,2024-07-09,56665.14073352028,33.552653148366716,0.02803393900231947
bitcoin,2024-07-10,57988.30351208401,38.87329116564371,0.03147915703620353
bitcoin,2024-07-11,57704.20228446288,38.16662492608518,0.030246369145295545
bitcoin,2024-07-12,57388.19247916668,37.35322657812562,0.02299824284734883
bitcoin,2024-07-13,57899.28895749592,39.595436613957,0.022827841354673088
bitcoin,2024-07-14,59152.71913887286,44.812216128395846,0.02210178451321468
bitcoin,2024-07-15,60942.32773996293,51.28167129337534,0.013891272524340503
bitcoin,2024-07-16,64835.48973321571,61.778565785501286,0.02393081108254386
bitcoin,2024-07-17,65162.23625234354,62.508682566607,0.02445601449489702
bitcoin,2024-07-18,64136.31384360687,58.71613496235165,0.026348554077637084
bitcoin,2024-07-19,63959.56900809379,58.06254754626181,0.026005375192957134
bitcoin,2024-07-20,66689.54880734957,64.61447715704443,0.027579484708806553
bitcoin,2024-07-21,67206.06470614894,65.70614965667784,0.027998547050538357
bitcoin,2024-07-22,68088.13996324532,67.54744027481301,0.027568650397902166
bitcoin,2024-07-23,67607.71339918874,65.48512614840473,0.01879779314689167
bitcoin,2024-07-24,65942.41746522837,58.785296975804734,0.022137984744863084
bitcoin,2024-07-25,65403.53513022529,56.76152163713776,0.021300783258924025
bitcoin,2024-07-26,65749.96361965332,57.76807951072234,0.021155641970556013
bitcoin,2024-07-27,67920.2964857025,63.50066717474076,0.018347945419485076
bitcoin,2024-07-28,68055.40838968738,63.82983119605199,0.018215772580435143
bitcoin,2024-07-29,68242.2474440493,64.30917024287754,0.017564085506444217
bitcoin,2024-07-30,66770.32091848266,57.809455380544634,0.01936286139615632
bitcoin,2024-07-31,66219.05102486102,55.545173189735245,0.016959157890154345
bitcoin,2024-08-01,64679.77864703252,49.692450213272984,0.019098406825080936
bitcoin,2024-08-02,65357.52960767435,52.08637248191203,0.019498944698524177
bitcoin,2024-08-03,61407.29547397454,40.10699220495893,0.024040651260100444
bitcoin,2024-08-04,60738.7449250574,38.49340420674509,0.023083072293230474
bitcoin,2024-08-05,58006.206586686734,32.70223001917063,0.02370537264729867
bitcoin,2024-08-06,53956.26184159744,26.36998503631635,0.029602689976568484
bitcoin,2024-08-07,55959.84107399357,33.25552161560354,0.03864548637452288
bitcoin,2024-08-08,55099.95181146735,31.877707376795,0.038755468300051624
bitcoin,2024-08-09,61859.03159904161,49.56582314402916,0.0671871075966959
bitcoin,2024-08-10,60912.588533350805,47.698213807572124,0.06313001990978671
bitcoin,2024-08-11,60887.70861641504,47.64738827598542,0.06293917990740946
bitcoin,2024-08-12,58804.23449992608,43.470101118075064,0.06171921969863313
bitcoin,2024-08-13,59350.07433270696,44.83463255250034,0.052623084535362095
bitcoin,2024-08-14,60601.22317789727,47.93679592480262,0.05183285935089911
bitcoin,2024-08-15,58739.19382231015,43.97354259978375,0.053508843112777205
bitcoin,2024-08-16,57624.11692852191,41.747583654321254,0.020634245886340385
bitcoin,2024-08-17,58881.92579151217,45.12214509613133,0.023575822672042373
bitcoin,2024-08-18,59430.79163445865,46.5765051177075,0.02414359105028463
bitcoin,2024-08-19,58438.29374268541,44.29071893875456,0.021110147166466642
bitcoin,2024-08-20,59574.94581294088,47.4702058470446,0.02223153087919406
bitcoin,2024-08-21,59060.12610074137,46.18451031676733,0.0204706306518086
bitcoin,2024-08-22,61144.68762866613,51.8689374366343,0.021033766478607187
bitcoin,2024-08-23,60387.54062321362,49.810896820177746,0.01984463018033339
bitcoin,2024-08-24,64049.68561555576,58.40708572116929,0.028327338420307623
bitcoin,2024-08-25,64157.1606134782,58.63102376611867,0.028612861638701095
bitcoin,2024-08-26,64265.81631272862,58.87211126766294,0.026365514911539923
bitcoin,2024-08-27,62922.58634676265,54.63333785308697,0.02922210537537565
bitcoin,2024-08-28,59526.560879590994,45.678673281052745,0.037442211377630194
bitcoin,2024-08-29,59015.29633887944,44.49624616761781,0.034437247532733424
bitcoin,2024-08-30,59351.5794909728,45.49563909109332,0.03442964538941412
bitcoin,2024-08-31,59156.24603646356,44.98891028658687,0.020858432005343337
bitcoin,2024-09-01,58960.23658664587,44.453852987205416,0.02042981553947647
bitcoin,2024-09-02,57357.71617282246,40.24013476723876,0.020161905491358795
bitcoin,2024-09-03,59108.73235863689,46.23683304265078,0.026442854254958823
bitcoin,2024-09-04,57504.53858622044,42.07156805108208,0.019904023893728293
bitcoin,2024-09-05,57987.84601410068,43.71664368966936,0.02038893937311363
bitcoin,2024-09-06,56132.4047320886,39.12321419961296,0.02275641913871455
bitcoin,2024-09-07,53923.35611071905,34.47828931610189,0.025504830174852673
bitcoin,2024-09-08,54150.9383589072,35.330140781942475,0.026126432423672102
bitcoin,2024-09-09,54792.40755768575,37.78537671220989,0.026456405722354706
bitcoin,2024-09-10,57049.11875114327,45.60892577253718,0.02909822468168973
bitcoin,2024-09-11,57624.16178336144,47.423246839390416,0.027678313618996593
bitcoin,2024-09-12,57381.76444500048,46.71585026957811,0.027497497457874023
bitcoin,2024-09-13,58106.95122981528,49.1592275063479,0.024127646740615852
bitcoin,2024-09-14,60620.62747295754,56.58988966112752,0.018170782802073352
bitcoin,2024-09-15,60003.29940083042,54.48381270809653,0.020522942328443414
bitcoin,2024-09-16,59214.80226801806,51.83049345979442,0.023156001237300498
bitcoin,2024-09-17,58211.123231286256,48.586940543668334,0.021008189084478403
bitcoin,2024-09-18,60317.0319794625,54.9563426694414,0.02448694172116388
bitcoin,2024-09-19,61440.41208494509,57.94910563097963,0.024296481341129498
bitcoin,2024-09-20,62966.52931910512,61.674500795949136,0.024941274062227098
bitcoin,2024-09-21,63128.224540748255,62.05804094532617,0.02078338308359284
bitcoin,2024-09-22,63403.40234925936,62.74140231238385,0.019589719369181233
bitcoin,2024-09-23,63582.59956924825,63.206140712490686,0.017529854451224038
bitcoin,2024-09-24,63327.02654450202,62.017999031068705,0.014612304308982315
bitcoin,2024-09-25,64334.14274876097,64.82410081653873,0.010496552541772619
bitcoin,2024-09-26,63151.89959401337,59.28683055285841,0.01381144366001486
bitcoin,2024-09-27,65130.76884023231,64.71923599281789,0.015552414706025221
bitcoin,2024-09-28,65791.00212541742,66.33330729904866,0.015622793305928596
bitcoin,2024-09-29,65934.10709441357,66.68903195800792,0.01568326176041382
bitcoin,2024-09-30,65663.68986662335,65.28527133462617,0.016108486499878887
bitcoin,2024-10-01,63243.27532464382,54.27330253001973,0.02256666827583212
bitcoin,2024-10-02,60872.66854372554,46.07587152895093,0.025178410778308517
bitcoin,2024-10-03,60655.55979196848,45.39956174139659,0.024740012719897557
bitcoin,2024-10-04,60727.86395169296,45.68549100650872,0.01928613264230539
bitcoin,2024-10-05,62103.01047283253,50.946869908110735,0.021848754413464875
bitcoin,2024-10-06,62091.932585194016,50.90409106131714,0.02168355980426079
bitcoin,2024-10-07,62811.79972811266,53.628917706286515,0.02296786675030025
bitcoin,2024-10-08,62287.39010510681,51.39129866229721,0.018741703610485213
bitcoin,2024-10-09,62185.230423727575,50.945349631025294,0.010539627891258712
bitcoin,2024-10-10,60597.15045618275,44.48330179046889,0.015128342050756078
bitcoin,2024-10-11,60195.18073772453,42.99666112785022,0.015310228164838175
bitcoin,2024-10-12,62392.34048293159,52.367263394285025,0.01928118785199619
bitcoin,2024-10-13,63207.77062127557,55.30387741805373,0.019809534841473273
bitcoin,2024-10-14,62829.533686088886,53.65158927442261,0.019609529723980047
bitcoin,2024-10-15,66049.99492708022,63.618302961416724,0.02687303151476233
bitcoin,2024-10-16,66962.21994496793,65.85792935804213,0.026512504565202783
bitcoin,2024-10-17,67647.54414766871,67.47769689895458,0.02123488531962463
bitcoin,2024-10-18,67328.10527002988,65.90813572288982,0.020904514272272776
bitcoin,2024-10-19,68465.61920668735,68.70012790409069,0.018972544670488686
bitcoin,2024-10-20,68388.87128965274,68.2937417438328,0.019768717304919713
bitcoin,2024-10-21,68962.82918045693,69.73556507909733,0.01834749075645838
bitcoin,2024-10-22,67394.85775735618,61.50682804664546,0.01372553624410312
bitcoin,2024-10-23,67351.04793512498,61.28921698720386,0.012883398416493429
bitcoin,2024-10-24,66683.96806542306,57.92843415749291,0.012698515687180847
bitcoin,2024-10-25,68214.05205157402,62.94722639484305,0.015662074385431702
bitcoin,2024-10-26,66585.66535501445,55.376109656306134,0.016732111321916474
bitcoin,2024-10-27,67018.1650170265,56.860246389462866,0.01718072918596228
bitcoin,2024-10-28,67938.55412885673,59.91553969498251,0.017863639770771027
bitcoin,2024-10-29,69845.304531169,65.38502356783643,0.01834733608358308
bitcoin,2024-10-30,72781.11308158132,71.77168421045438,0.02264541317828973
bitcoin,2024-10-31,72342.62171127986,69.70306904714573,0.0220787047339579
bitcoin,2024-11-01,70264.99735573279,60.766309230350544,0.026052986547785557
bitcoin,2024-11-02,69507.92256395647,57.85540086730497,0.02406798902304431
bitcoin,2024-11-03,69299.16036699413,57.043930117599096,0.024328169108600278
bitcoin,2024-11-04,68803.50626277467,55.06901777259201,0.024365621387239255
bitcoin,2024-11-05,67793.29782704762,51.179869281792904,0.022004184642579753
bitcoin,2024-11-06,69335.42553133758,56.258377032669706,0.015527273426295266
bitcoin,2024-11-07,75620.88606963192,69.97011052776644,0.040016843680662446
bitcoin,2024-11-08,75987.24178320667,70.54959171215292,0.03691269078481167
bitcoin,2024-11-09,76550.0213845611,71.46065728089253,0.03567816134748994
bitcoin,2024-11-10,76630.22631415377,71.59552019875481,0.03538038744365889
bitcoin,2024-11-11,80466.71654833542,77.15626965864627,0.03601848233044874
bitcoin,2024-11-12,88637.42000322911,84.2349452174098,0.04196653196110966
bitcoin,2024-11-13,88264.59974582895,82.97155087671764,0.04491999611988067
bitcoin,2024-11-14,90488.10007497849,84.4677939476678,0.03788672016535025
bitcoin,2024-11-15,87407.51273710128,74.67745801728124,0.043964652381427896
bitcoin,2024-11-16,90947.97509443705,77.85437279862566,0.04403878645452275
bitcoin,2024-11-17,90606.45489380708,76.85276234936205,0.04452216331173454
bitcoin,2024-11-18,89841.47194135105,74.53951309236524,0.04453362691535904
bitcoin,2024-11-19,90534.62459650292,75.26598591251677,0.02422652448996253
bitcoin,2024-11-20,92251.65240738312,77.01551274327332,0.024613041742958686
bitcoin,2024-11-21,94217.02229634204,78.85885570750315,0.024163211192856672
bitcoin,2024-11-22,98509.11859102432,82.21366369140162,0.02062952563259649
bitcoin,2024-11-23,98927.494945534,82.50509296540385,0.018281586062939763
bitcoin,2024-11-24,97679.46381643032,78.37944806119577,0.019815027467524338
bitcoin,2024-11-25,98015.9355289458,78.68885194273312,0.018328485677897275
bitcoin,2024-11-26,93004.70093103289,63.9991207738945,0.030455475045049852
bitcoin,2024-11-27,91931.83077291829,61.35817090056582,0.030180489403260163
bitcoin,2024-11-28,95981.18057210564,66.90857312762878,0.0338680943920067
bitcoin,2024-11-29,95661.59595817851,66.10159094695166,0.02823765675182492
bitcoin,2024-11-30,97453.2473451042,68.40243963975104,0.029433950820002375
bitcoin,2024-12-01,96513.14234698223,65.87580629975992,0.029272564609384374
bitcoin,2024-12-02,97311.70719084324,66.99117686756806,0.02946058789027059
bitcoin,2024-12-03,95833.1362300365,62.89224634069678,0.02116259555212922
bitcoin,2024-12-04,96031.63097759832,63.21762142255123,0.02004180985965418
bitcoin,2024-12-05,98881.4694561823,67.60899121008458,0.015840954783524253
bitcoin,2024-12-06,97201.5003640774,62.84575746858446,0.017681780752958048
bitcoin,2024-12-07,99973.85150659826,66.98008616404823,0.01948307853511594
bitcoin,2024-12-08,99781.82999198174,66.4287216356204,0.018800170726835735
bitcoin,2024-12-09,101235.3717025316,68.53985710680266,0.019134792738512766
bitcoin,2024-12-10,97353.94700820888,58.0432632412909,0.024592723184353297
bitcoin,2024-12-11,96649.71446771533,56.35685937374954,0.02487043537694231
bitcoin,2024-12-12,101123.61811033696,63.59359609019268,0.028561574573702717
bitcoin,2024-12-13,100000.80836535196,60.86584544947629,0.027935632258815905
bitcoin,2024-12-14,101352.22971292294,62.92703480404894,0.026303829640664276
bitcoin,2024-12-15,101367.01064553364,62.95001986500596,0.026260736814887282
bitcoin,2024-12-16,104721.50151808978,67.82542408200287,0.028510876338668816
bitcoin,2024-12-17,106074.10723541168,69.56455241226689,0.021079891562064686
bitcoin,2024-12-18,106034.913402645,69.44741218412726,0.02014698167255721
bitcoin,2024-12-19,100355.5761481501,54.99590796461728,0.027180529299256833
bitcoin,2024-12-20,97851.35377075804,50.05025957182015,0.028529064337902782
bitcoin,2024-12-21,97691.43431692652,49.74262534474726,0.027651210995836322
bitcoin,2024-12-22,97202.82496847631,48.75655813718921,0.027562679596897885
bitcoin,2024-12-23,95094.27394862172,44.64368881561667,0.02193330644603839
bitcoin,2024-12-24,94644.9108546432,43.795793490620525,0.019244753308684245
bitcoin,2024-12-25,98695.714007826,52.545406547526596,0.02934931168937623
bitcoin,2024-12-26,99344.95417367227,53.78714951127712,0.022389451347297862
bitcoin,2024-12-27,95678.31244565404,46.40231337141688,0.024823956296881552
bitcoin,2024-12-28,94331.94727053076,44.01274288631017,0.025157746930010466
bitcoin,2024-12-29,95184.61945288602,45.91242794904254,0.025685492431910133
bitcoin,2024-12-30,93663.44751964069,43.10261792464272,0.02506533005064221
bitcoin,2024-12-31,92627.28213113276,41.250733683817415,0.02529793704845267
bitcoin,2025-01-01,93507.85874741492,43.47345679690272,0.01709578038215888
bitcoin,2025-01-02,94384.1761153871,45.67614221028776,0.01750834844103882
bitcoin,2025-01-03,96852.14681235077,51.417837649947856,0.01578752341375212
bitcoin,2025-01-04,98084.34279280754,54.03027524080276,0.014477697672426265
bitcoin,2025-01-05,98256.73876849932,54.39973611923882,0.014457504226982934
bitcoin,2025-01-06,98364.58946599838,54.64531961872649,0.011545872041828277
bitcoin,2025-01-07,102229.39453189744,62.44964241152529,0.013821905579051972
bitcoin,2025-01-08,96952.09886774956,49.83868163836378,0.028669420587363798
bitcoin,2025-01-09,95016.71440989176,46.15739201089948,0.03012268322025618
bitcoin,2025-01-10,92376.275783461,41.638593243525555,0.029615650171982227
bitcoin,2025-01-11,94736.6267420969,46.665228434412754,0.031339957075098984
bitcoin,2025-01-12,94559.55167224212,46.34275128091998,0.03124862493279342
bitcoin,2025-01-13,94454.77089638809,46.13956800834956,0.031187441644760016
bitcoin,2025-01-14,94456.3493746993,46.143398784478,0.024667621070063126
bitcoin,2025-01-15,96574.07768799194,51.16208834441379,0.01970585350123874
bitcoin,2025-01-16,100313.15239828422,58.51301151964718,0.022302828428911025
bitcoin,2025-01-17,100044.57926776377,57.83958062518735,0.016970494424156143
bitcoin,2025-01-18,104160.69358484232,64.56972861916913,0.019883226447469548
bitcoin,2025-01-19,104334.61575724394,64.82523579039528,0.01945869845697683
bitcoin,2025-01-20,101275.33714814208,57.03392328303897,0.02524624001135187
bitcoin,2025-01-21,101764.90860170544,57.90583036619386,0.024984106266294655
bitcoin,2025-01-22,106182.2368201815,64.83902886447311,0.027698997541176242
bitcoin,2025-01-23,103673.53509537788,58.90514603388053,0.02842798793177598
bitcoin,2025-01-24,104067.60991206949,59.53166203956994,0.0282388920585222
bitcoin,2025-01-25,104835.19253555956,60.785726997859896,0.023761662167311487
bitcoin,2025-01-26,104796.04077738234,60.6824321971367,0.023766945981777494
bitcoin,2025-01-27,102552.24874280208,54.92219042520659,0.022230427708080175
bitcoin,2025-01-28,101958.46953745594,53.47555174619874,0.02236702047248654
bitcoin,2025-01-29,101313.11264498268,51.87621413937743,0.011918237941288703
bitcoin,2025-01-30,103718.97939813643,57.0350900572864,0.01393302627080123
bitcoin,2025-01-31,104781.5135100103,59.11942855011675,0.014419118272251213
bitcoin,2025-02-01,102382.39409722164,52.88135379850807,0.01658785309276112
bitcoin,2025-02-02,100674.78762544956,48.924353751467606,0.017246934610876775
bitcoin,2025-02-03,97568.31653024876,42.66914711407754,0.018974225707584242
bitcoin,2025-02-04,101466.8606657039,51.11613582213448,0.02600931994100813
bitcoin,2025-02-05,98118.43921664466,44.985464124877396,0.028823608205397973
bitcoin,2025-02-06,96582.88682919052,42.4698721325644,0.026179536085667063
bitcoin,2025-02-07,96635.41875332213,42.58815255702757,0.02517673941888992
bitcoin,2025-02-08,96558.4563096667,42.45045061556998,0.02485292281234518
bitcoin,2025-02-09,96558.23762501092,42.45003061157996,0.024688769519861875
bitcoin,2025-02-10,96548.57865379583,42.43006226874589,0.022059558313293256
bitcoin,2025-02-11,97399.98161383196,44.89086379661553,0.014035238497428954
bitcoin,2025-02-12,95739.9773707924,41.193687001221406,0.009400605595827664
bitcoin,2025-02-13,97836.18856127484,47.116683307278734,0.011713451043965243
bitcoin,2025-02-14,96561.6639990985,44.201584963108616,0.013025350060379028
bitcoin,2025-02-15,97488.48148536457,46.78017689178961,0.013507860192722319
bitcoin,2025-02-16,97569.95169430463,47.0119845102148,0.013496569874679138
bitcoin,2025-02-17,96149.3484548204,43.45749209266627,0.014834661985909546
bitcoin,2025-02-18,95776.15723852724,42.547400022663304,0.014271331879288796
bitcoin,2025-02-19,95495.89153299289,41.83876476997475,0.01276010062938883
bitcoin,2025-02-20,96554.87156259285,45.53030149306192,0.00997873638386973
bitcoin,2025-02-21,98384.31738240314,51.28298767567897,0.011241871983901041
bitcoin,2025-02-22,96135.15541305284,44.99177074377151,0.014232735054929417
bitcoin,2025-02-23,96564.15414290236,46.34384592421563,0.014414116671469614
bitcoin,2025-02-24,96327.46309127836,45.67676423078741,0.013249743490131829
bitcoin,2025-02-25,91396.76686930266,34.52717072714228,0.023702425714061674
bitcoin,2025-02-26,88755.7693356979,30.265705598767184,0.0250584255147054
bitcoin,2025-02-27,83900.11496524839,24.32195167020339,0.0279472333163691
bitcoin,2025-02-28,84709.14477847965,26.897923876559688,0.025963175204782977
bitcoin,2025-03-01,84441.9012237131,26.57612076768119,0.026765606381804412
bitcoin,2025-03-02,86005.25629681018,31.72230574290063,0.02915492682744438
bitcoin,2025-03-03,94261.5328653844,51.182106543413056,0.05177202992430947
bitcoin,2025-03-04,86124.71418722175,39.29550914943022,0.05859267659080253
bitcoin,2025-03-05,87310.80531078295,41.43079881575763,0.05815162859301767
bitcoin,2025-03-06,90604.08098523636,47.00480197609794,0.05425911441070286
bitcoin,2025-03-07,90001.40087607042,46.13940894805743,0.05474000116716977
bitcoin,2025-03-07,87804.61562499545,43.02966548415231,0.05616106876285709
ethereum,2024-03-08,3861.900999013773,11.403031936363533,0.3675175851817602
ethereum,2024-03-09,3893.613884196704,11.429517635131404,0.35984782920942326
ethereum,2024-03-10,3916.041187699099,11.449678479002188,0.3640015153149394
ethereum,2024-03-11,3887.473104733291,11.446104383769665,0.3626833930631144
ethereum,2024-03-12,4070.6040749869994,11.63652370083544,0.3634437397319015
ethereum,2024-03-13,3978.685771378112,11.623013961201508,0.3625672160166683
ethereum,2024-03-14,4007.9121260756656,11.658133404700834,0.36438440488596024
ethereum,2024-03-15,3879.038366642958,11.636175382102266,0.02570649670474663
ethereum,2024-03-16,3738.381184462065,11.61047165107533,0.02889944233996984
ethereum,2024-03-17,3514.222472178163,11.566621526815084,0.03473999808902617
ethereum,2024-03-18,3643.280347379834,11.773223729627901,0.03992773168614906
ethereum,2024-03-19,3525.893640670024,11.746343034100576,0.031964566304117654
ethereum,2024-03-20,3171.293836639821,11.659738986693426,0.0442836870739528
ethereum,2024-03-21,3515.6884318548646,12.335760471415412,0.06870418354285132
ethereum,2024-03-22,3493.4304387798707,12.329193715774792,0.06841930084477306
ethereum,2024-03-23,3322.891277320318,12.275275071431537,0.06929404723897149
ethereum,2024-03-24,3353.371241538487,12.349054605082841,0.06663600910912504
ethereum,2024-03-25,3454.257071389558,12.61103626013103,0.06599093556040374
ethereum,2024-03-26,3588.493402189288,12.98371908580269,0.06669974218911646
ethereum,2024-03-27,3591.5485279028403,12.992813644094568,0.048668562733739824
ethereum,2024-03-28,3505.2181161826984,12.951620530931038,0.030279585055965726
ethereum,2024-03-29,3560.26151146781,13.140708446591006,0.03065840248715772
ethereum,2024-03-30,3516.096057627979,13.116089491209507,0.02233832276421728
ethereum,2024-03-31,3507.6606559474685,13.111037115459297,0.022690000934363175
ethereum,2024-04-01,3644.767598784896,13.692973867748037,0.024427364159225404
ethereum,2024-04-02,3508.2477201085417,13.59533511580534,0.02534638945776029
ethereum,2024-04-03,3274.901203544406,13.419201910158733,0.034718238315283916
ethereum,2024-04-04,3316.6829546775257,13.63495614032469,0.03547079388224494
ethereum,2024-04-05,3332.089836615912,13.720336695885251,0.03450782231674447
ethereum,2024-04-06,3320.281588983444,13.709150384611817,0.034520238679450796
ethereum,2024-04-07,3362.838907503287,13.981350457968958,0.03537321895553731
ethereum,2024-04-08,3453.4361261792887,14.598957102494651,0.0330450534318325
ethereum,2024-04-09,3695.239391141908,16.32576127127031,0.04071747057936687
ethereum,2024-04-10,3503.6535996841044,16.04886941819018,0.03638078984475015
ethereum,2024-04-11,3539.7630640649413,16.33688315947353,0.03636447919764245
ethereum,2024-04-12,3508.578498448644,16.28492237632851,0.03703821630584579
ethereum,2024-04-13,3245.5005926983195,15.827570871582793,0.048737682502669
ethereum,2024-04-14,3022.0057852476043,15.431084188580272,0.054027583105303034
ethereum,2024-04-15,3157.683765827796,16.793773291075297,0.05665182277306127
ethereum,2024-04-16,3101.190735674771,16.673303582428375,0.043929601242012874
ethereum,2024-04-17,3083.7060147660677,16.633532941085562,0.04247516272397153
ethereum,2024-04-18,2982.6157347098,16.390111834587103,0.040903701408832586
ethereum,2024-04-19,3064.911592229428,17.449238908664725,0.0451653683730086
ethereum,2024-04-20,3065.682561565907,17.45978763008098,0.03775571342486817
ethereum,2024-04-21,3152.1915066519477,18.7149445988139,0.02803307589142674
ethereum,2024-04-22,3147.13775429932,18.69705735841478,0.022309431526804407
ethereum,2024-04-23,3199.769589894069,19.559340045917963,0.02157554235438118
ethereum,2024-04-24,3218.9672686428075,19.893072439793272,0.021090865727576954
ethereum,2024-04-25,3138.814357009402,19.52877756273722,0.0187325069829847
ethereum,2024-04-26,3157.6193174815944,19.899394110290956,0.016512789752477615
ethereum,2024-04-27,3131.419219740052,19.762826273499755,0.01717225055059251
ethereum,2024-04-28,3259.2522227654413,22.555523096142394,0.02056343612648341
ethereum,2024-04-29,3259.503404256033,22.561226524088298,0.020483672359627888
ethereum,2024-04-30,3213.6890004948136,22.239512596652347,0.020897675086252614
ethereum,2024-05-01,3018.549635877818,20.87416332007423,0.03093774800891381
ethereum,2024-05-02,2976.0902075157046,20.578131512017052,0.03025727326682726
ethereum,2024-05-03,2988.5486490452654,20.932456519892895,0.030133778077907878
ethereum,2024-05-04,3102.1512923656555,24.251003651427993,0.03465728489183557
ethereum,2024-05-05,3115.0233215730136,24.636971695015106,0.029735399499150963
ethereum,2024-05-06,3136.57511039041,25.323063056578775,0.0300811538832239
ethereum,2024-05-07,3064.5913995603364,24.52012528828905,0.03070472223215211
ethereum,2024-05-08,3015.159769616685,23.958330652982383,0.0204625372593895
ethereum,2024-05-09,2975.72696606529,23.49586054595295,0.020352316361125822
ethereum,2024-05-10,3038.3447046668207,25.940595243805774,0.021850416084989305
ethereum,2024-05-11,2910.684500017475,24.23992206846171,0.021138042848913442
ethereum,2024-05-12,2908.9827849031903,24.217130217069084,0.0207238921389256
ethereum,2024-05-13,2931.3106669139133,25.210778651677245,0.020825808985463636
ethereum,2024-05-14,2948.303455265941,26.00594924647943,0.020548965739663125
ethereum,2024-05-15,2881.7959916152945,24.890510995327674,0.021244012501550173
ethereum,2024-05-16,3035.758955126304,32.14618335369231,0.030523454142718842
ethereum,2024-05-17,2943.5851283842208,30.261455257193802,0.03169197788984296
ethereum,2024-05-18,3095.9968442929658,36.85410259649303,0.03279258555119051
ethereum,2024-05-19,3120.5493782541066,37.87299894426688,0.03252117531793328
ethereum,2024-05-20,3071.324418093757,36.59798260995517,0.034036301380459585
ethereum,2024-05-21,3656.390090299324,55.69122615247248,0.0771152646465288
ethereum,2024-05-22,3792.486220211773,58.79940476257415,0.07306852986147541
ethereum,2024-05-23,3741.897740560911,57.19337893264559,0.07565568446216038
ethereum,2024-05-24,3766.398091341944,57.794625640043805,0.07172305159025763
ethereum,2024-05-25,3727.065981583209,56.42447316666705,0.07353987989506151
ethereum,2024-05-26,3750.077159389676,57.06577337000652,0.07362648490339245
ethereum,2024-05-27,3825.277957577714,59.18003924135774,0.0712259110583724
ethereum,2024-05-28,3893.3921058941055,61.05094718740631,0.01773456063829478
ethereum,2024-05-29,3840.68886040005,58.805103288690404,0.014406488614329369
ethereum,2024-05-30,3765.30255677808,55.65152235068398,0.015656741159316836
ethereum,2024-05-31,3748.63915233346,54.950046062967346,0.015557296966327272
ethereum,2024-06-01,3761.0692456476336,55.40164213005234,0.01495993557661139
ethereum,2024-06-02,3813.452441559934,57.34232796704758,0.01564423694709071
ethereum,2024-06-03,3780.7119847349145,55.710585859584384,0.01394133670370655
ethereum,2024-06-04,3766.6376499412618,54.986220133744496,0.01101746151340905
ethereum,2024-06-05,3814.932030146498,57.04987924481988,0.011945240015061306
ethereum,2024-06-06,3871.0820906216727,59.381483550015886,0.009838350487931488
ethereum,2024-06-07,3812.701856549199,55.97885340651171,0.011956801343845712
ethereum,2024-06-08,3679.3766523741774,49.06435188125611,0.018486419543326686
ethereum,2024-06-09,3683.025380134649,49.249106141096,0.01710931196280192
ethereum,2024-06-10,3705.8998844045504,50.462226852448644,0.017478363941224144
ethereum,2024-06-11,3666.82766472582,48.33683220135974,0.01773194392652171
ethereum,2024-06-12,3498.55595422158,40.4375791217541,0.021992331775957965
ethereum,2024-06-13,3559.4475336257624,44.0037148794105,0.022554155122222246
ethereum,2024-06-14,3465.316584199481,40.015206765249644,0.023237046417735118
ethereum,2024-06-15,3478.7748349889234,40.84083405907853,0.02179993572858145
ethereum,2024-06-16,3565.1232591862595,45.97843664092529,0.02501907803471096
ethereum,2024-06-17,3618.508652976102,48.931316926218365,0.02584222961739892
ethereum,2024-06-18,3510.358693528904,43.71785580700136,0.027734265840093125
ethereum,2024-06-19,3480.4713384276088,42.374204440285475,0.02168510927420316
ethereum,2024-06-20,3555.9658395535403,46.82036948392844,0.022327173117471063
ethereum,2024-06-21,3511.28482815368,44.625811156830956,0.020082918404323684
ethereum,2024-06-22,3516.88098000528,44.97369465131134,0.020066859622960287
ethereum,2024-06-23,3494.7985621731755,43.804237307536006,0.01736304570619489
ethereum,2024-06-24,3417.797137297825,39.90736893597226,0.01670163952209714
ethereum,2024-06-25,3357.1006400727606,37.10526223242688,0.014541816672776138
ethereum,2024-06-26,3395.304687339692,39.96274003037319,0.01590910426969304
ethereum,2024-06-27,3365.9446697083863,38.51455176668999,0.011428083541445842
ethereum,2024-06-28,3442.910158110125,44.22098818558684,0.015911335466467284
ethereum,2024-06-29,3374.605130306792,40.61807877191949,0.016974735202504813
ethereum,2024-06-30,3371.278227967461,40.445230802830004,0.017065353626406248
ethereum,2024-07-01,3435.3183276337395,45.272966045412836,0.017285652558664873
ethereum,2024-07-02,3438.009078999906,45.47297294254182,0.015259083238525175
ethereum,2024-07-03,3417.8984255478363,44.173572875566215,0.015166883875971397
ethereum,2024-07-04,3295.808464429979,37.22004922734537,0.020548073311280824
ethereum,2024-07-05,3069.0434008340803,28.307143250252565,0.028944521685152085
ethereum,2024-07-06,2984.398102498264,25.821518640844673,0.029265444187116452
ethereum,2024-07-07,3066.247437954064,32.03613818665214,0.0335211015782016
ethereum,2024-07-08,2928.6012310061665,27.81567610003205,0.03203323944052325
ethereum,2024-07-09,3016.0833537946064,33.78614532632086,0.03699723884043245
ethereum,2024-07-10,3064.0923605197886,36.872001513518526,0.039040683941762556
ethereum,2024-07-11,3099.7101861313545,39.13821521474097,0.03891837364544432
ethereum,2024-07-12,3102.0902302291074,39.29503661464638,0.028239386759992657
ethereum,2024-07-13,3132.980838609695,41.4053396556326,0.025103361959165467
ethereum,2024-07-14,3173.5042341380185,44.14830927804549,0.023720639151820974
ethereum,2024-07-15,3252.654184707363,49.154894492897505,0.009698110881009811
ethereum,2024-07-16,3488.538758027717,60.5147692453737,0.023733119681275023
ethereum,2024-07-17,3446.7658893041003,58.04165803727417,0.02690465320357126
ethereum,2024-07-18,3389.441287038116,54.73579306133963,0.029848462976464644
ethereum,2024-07-19,3428.5520187667257,56.55396529260643,0.029373608756392198
ethereum,2024-07-20,3505.222536388452,59.95019926509974,0.02941010319750465
ethereum,2024-07-21,3522.8013028122487,60.70858440831017,0.029722019036266804
ethereum,2024-07-22,3533.118349531153,61.1732834820446,0.029708309993716524
ethereum,2024-07-23,3443.073350817144,55.053349207002654,0.01690684615410625
ethereum,2024-07-24,3482.9837705931927,57.101844490000786,0.016877747778146473
ethereum,2024-07-25,3336.380253038244,48.37935448800646,0.023072226378204583
ethereum,2024-07-26,3173.7633983274727,40.913742706107264,0.027910042580430738
ethereum,2024-07-27,3278.1869575279507,46.61110555310815,0.030178729767630013
ethereum,2024-07-28,3254.611672582785,45.5433892191191,0.02957202286513552
ethereum,2024-07-29,3272.8501306701373,46.56320732568714,0.02979650058109045
ethereum,2024-07-30,3316.942188773212,49.04745518572355,0.03016418880716919
ethereum,2024-07-31,3276.981779516743,46.91856386719343,0.02931870147412931
ethereum,2024-08-01,3233.076804863122,44.626642505387046,0.025573344925871978
ethereum,2024-08-02,3204.2465237463616,43.13652675321704,0.017008866530821867
ethereum,2024-08-03,2983.300976694291,33.817200704160314,0.026549225409573173
ethereum,2024-08-04,2906.7150241765007,31.293477569896353,0.02678596974678438
ethereum,2024-08-05,2682.4373928187924,25.331542792351186,0.033290166606293865
ethereum,2024-08-06,2415.6311394312143,20.361704572933405,0.03724204354179018
ethereum,2024-08-07,2455.51137665051,22.79977141999896,0.04247788635338304
ethereum,2024-08-08,2341.590346028249,20.83733050863964,0.040889443660281584
ethereum,2024-08-09,2685.012750687489,38.12668826880148,0.08345276084976558
ethereum,2024-08-10,2602.184071276188,36.079955159770144,0.08109407479230475
ethereum,2024-08-11,2608.0357436286963,36.33996092598716,0.08126133999190209
ethereum,2024-08-12,2558.790870730736,35.04792691419601,0.07638828272964909
ethereum,2024-08-13,2726.777988551933,42.55149554232492,0.0670279446890336
ethereum,2024-08-14,2703.550558764125,41.83189376353314,0.06786255713490992
ethereum,2024-08-15,2662.780395092489,40.536072651036555,0.06400972197367909
ethereum,2024-08-16,2569.8604812159274,37.67185780893008,0.03393292125339147
ethereum,2024-08-17,2592.249006212312,38.79402891213327,0.03231393943615828
ethereum,2024-08-18,2613.139261446099,39.88166790576384,0.032458890477436365
ethereum,2024-08-19,2614.601280626372,39.96207801204475,0.031313575347118254
ethereum,2024-08-20,2640.5904207330605,41.46097814455477,0.01642342239311305
ethereum,2024-08-21,2575.643435503567,38.850638744357724,0.018121819000391656
ethereum,2024-08-22,2630.2988017642488,42.151361684250716,0.020394542345507166
ethereum,2024-08-23,2623.289171364539,41.839436837369675,0.014363793869457403
ethereum,2024-08-24,2763.2554073640704,49.82393790773207,0.023990582908596205
ethereum,2024-08-25,2767.840733546234,50.065789528792365,0.02417191761801253
ethereum,2024-08-26,2745.164671605207,48.81274151768457,0.024867230368355104
ethereum,2024-08-27,2683.0801154902983,45.45815442959599,0.027213159138144993
ethereum,2024-08-28,2457.2773517547434,35.81706306033698,0.042275470317589305
ethereum,2024-08-29,2527.0269814017706,40.04689775864441,0.04312020855728853
ethereum,2024-08-30,2526.738355300341,40.03514002704826,0.04315291351366793
ethereum,2024-08-31,2527.690204915795,40.09760208509065,0.03522757161497672
ethereum,2024-09-01,2513.3643501004462,39.43186360720189,0.03485771289551062
ethereum,2024-09-02,2430.0202661439344,35.71656397628257,0.03553776460825456
ethereum,2024-09-03,2534.9048168403706,42.99563685315647,0.04185087841987743
ethereum,2024-09-04,2437.1471557556497,38.60756836006047,0.029674136801462372
ethereum,2024-09-05,2448.30785784089,39.36837382728023,0.02701746935871693
ethereum,2024-09-06,2367.7700509506026,35.91003467778221,0.028962563004941315
ethereum,2024-09-07,2223.780428382685,30.715017891601704,0.03442193964564644
ethereum,2024-09-08,2272.6972849951912,34.1977792183481,0.037475976475274446
ethereum,2024-09-09,2296.4029520764498,35.87989977952651,0.03731902029664586
ethereum,2024-09-10,2359.565766831627,40.26180183014394,0.0341119001868482
ethereum,2024-09-11,2389.4740111256497,42.273477647089976,0.03233185226174759
ethereum,2024-09-12,2342.9639236941434,40.01670346441324,0.032746285722190814
ethereum,2024-09-13,2362.300238174588,41.41694630949132,0.030699998446873388
ethereum,2024-09-14,2445.08621032297,47.10963378680395,0.017589173115798058
ethereum,2024-09-15,2418.0828083179904,45.55465485558939,0.019359941982569316
ethereum,2024-09-16,2322.6433317480564,40.47020014412553,0.026602133492589906
ethereum,2024-09-17,2295.1348386540835,39.115075538212004,0.02435970245602531
ethereum,2024-09-18,2341.0924132597524,42.574648730091454,0.025321994623705473
ethereum,2024-09-19,2361.960992100706,44.12715719658833,0.024436177194687436
ethereum,2024-09-20,2465.2347833172967,51.16363861259014,0.029287535236019104
ethereum,2024-09-21,2557.6218555442515,56.4477410616664,0.02969436651372967
ethereum,2024-09-22,2614.599604753501,59.367708535436215,0.029015344230375797
ethereum,2024-09-23,2582.847683741262,57.071374514823944,0.02198927153178661
ethereum,2024-09-24,2647.993162203325,60.45136321092164,0.01849556948316978
ethereum,2024-09-25,2653.844345308008,60.75027905278332,0.019797464537569694
ethereum,2024-09-26,2578.566359563475,54.991601448229076,0.026577568710904564
ethereum,2024-09-27,2630.94983700893,57.976809017973665,0.02332904438662986
ethereum,2024-09-28,2698.192821234604,61.5062694142905,0.021299711071647246
ethereum,2024-09-29,2680.218702062471,60.054328568269675,0.02084016483106758
ethereum,2024-09-30,2659.611211611689,58.35350731219851,0.02033637646962817
ethereum,2024-10-01,2597.3411516834435,53.4293376384472,0.020332947138127482
ethereum,2024-10-02,2451.631522589772,44.0600836082824,0.028391593122097682
ethereum,2024-10-03,2365.231040243019,39.62311426070906,0.029203646952531907
ethereum,2024-10-04,2348.0048369247397,38.78450916634596,0.025795223620229943
ethereum,2024-10-05,2416.918405555264,43.899830469675855,0.02682829330120114
ethereum,2024-10-06,2415.4038137445546,43.813175821426,0.0272455457977746
ethereum,2024-10-07,2438.030912544012,45.54260906644821,0.02867408201745864
ethereum,2024-10-08,2422.7506412955013,44.54546100431333,0.02826529470947926
ethereum,2024-10-09,2441.465169620029,46.10195434133193,0.019758076096322044
ethereum,2024-10-10,2367.615096789395,41.18894529769814,0.018329988216845512
ethereum,2024-10-11,2381.7817088014776,42.455807796278435,0.018101114931639097
ethereum,2024-10-12,2435.713784369216,47.125444162671805,0.016533198762001253
ethereum,2024-10-13,2477.6130275578225,50.48703046963105,0.01754279455793888
ethereum,2024-10-14,2466.8607267086663,49.61527861385041,0.01757910496352964
ethereum,2024-10-15,2628.504376157751,60.623003430903935,0.029188277474664497
ethereum,2024-10-16,2602.0760435960988,58.377369190735266,0.030378709748101793
ethereum,2024-10-17,2611.700159182395,58.97336502026881,0.025246248077494753
ethereum,2024-10-18,2603.120292334612,58.17363336904132,0.025992053680973334
ethereum,2024-10-19,2643.156520987104,60.84211891449068,0.025688718187369414
ethereum,2024-10-20,2649.979289580214,61.295298771635764,0.025791168437152474
ethereum,2024-10-21,2742.9591411600395,66.91480330883775,0.026452238331640118
ethereum,2024-10-22,2665.731938974013,59.223585039696324,0.019829803507637956
ethereum,2024-10-23,2619.5653130506435,55.143145180495615,0.02074561669959316
ethereum,2024-10-24,2524.10385630912,47.808164660307774,0.02502679556751499
ethereum,2024-10-25,2536.234041319884,48.74120384831313,0.025282796339680162
ethereum,2024-10-26,2422.09328922875,41.26564096419049,0.027952728896879234
ethereum,2024-10-27,2479.373603244332,45.76142329146472,0.03078323413862995
ethereum,2024-10-28,2505.502947138879,47.72703606556797,0.025932627142702423
ethereum,2024-10-29,2564.8138556783,51.98099770230943,0.0280504028875008
ethereum,2024-10-30,2638.637351278122,56.70390953044095,0.030059253622490657
ethereum,2024-10-31,2657.6141818494384,57.85151454416288,0.02499461587334054
ethereum,2024-11-01,2514.750787241073,47.618541843570526,0.03421146717883066
ethereum,2024-11-02,2513.8372870612066,47.56061139831522,0.028211843603362378
ethereum,2024-11-03,2491.352150058657,46.07479293608392,0.027429487453798976
ethereum,2024-11-04,2456.979687344711,43.82106718890324,0.02756345141774239
ethereum,2024-11-05,2395.9472139132804,40.07286451039747,0.02594973335472097
ethereum,2024-11-06,2422.368479855642,42.370913014932086,0.022192325137719966
ethereum,2024-11-07,2720.62174500688,60.69434952465894,0.05613691004882272
ethereum,2024-11-08,2894.9718733838376,67.24977927724899,0.05330549872101523
ethereum,2024-11-09,2960.9593369382137,69.33437502350284,0.0524361504973058
ethereum,2024-11-10,3130.035524073996,73.91571253042815,0.051286293600217865
ethereum,2024-11-11,3191.9044555518158,75.36598789931435,0.047477215205003566
ethereum,2024-11-12,3372.7914863430115,79.03598307083183,0.03832026729317406
ethereum,2024-11-13,3260.934386131155,71.90229814598445,0.04828188657095359
ethereum,2024-11-14,3191.8991843987947,67.83297963667698,0.038937727099362565
ethereum,2024-11-15,3059.812296932496,60.74878769836041,0.04106514017364275
ethereum,2024-11-16,3093.913043390382,61.85633109391989,0.040630618178615144
ethereum,2024-11-17,3133.8802234191417,63.16809641807645,0.03452197917023033
ethereum,2024-11-18,3075.534532601624,59.928031883652025,0.034030609397107656
ethereum,2024-11-19,3209.4239073326826,64.43607044827593,0.030225130298292262
ethereum,2024-11-20,3112.9098010150224,59.26068193179463,0.029792964763444663
ethereum,2024-11-21,3075.193856649331,57.323089732551665,0.029227655339396374
ethereum,2024-11-22,3365.9369715466096,66.43404437514934,0.04292575483373003
ethereum,2024-11-23,3327.7571951719624,64.48710503543367,0.04404358406697071
ethereum,2024-11-24,3394.036961782547,66.33175706488153,0.044166671336291645
ethereum,2024-11-25,3368.7027619429946,64.9431710949424,0.04305409054891968
ethereum,2024-11-26,3417.291223691937,66.39612319400875,0.041070052807306454
ethereum,2024-11-27,3325.636532587645,61.24003508743891,0.0405605477549202
ethereum,2024-11-28,3666.188490437756,70.42884491557518,0.051654534238232346
ethereum,2024-11-29,3579.2407862475,66.11900053081028,0.04454990833579837
ethereum,2024-11-30,3598.1933212253616,66.59880784345239,0.0436798941863679
ethereum,2024-12-01,3709.9094391073327,69.35380073520957,0.04421523337138165
ethereum,2024-12-02,3708.8072387383017,69.29307430603878,0.04372656193472678
ethereum,2024-12-03,3643.855375704235,65.64530875664093,0.04538502109539949
ethereum,2024-12-04,3625.71045794972,64.62186344822692,0.04312149594804576
ethereum,2024-12-05,3839.443460715871,70.46335074515245,0.028928197898084457
ethereum,2024-12-06,3796.868867160128,68.0528975087388,0.027027019648367328
ethereum,2024-12-07,4013.726145388712,73.10052599241375,0.03246520013859123
ethereum,2024-12-08,4000.992076502189,72.37736242995604,0.032429043633417004
ethereum,2024-12-09,4015.7820212328807,72.7149794700143,0.032225759380816434
ethereum,2024-12-10,3713.313897997175,57.29248518798452,0.045627043316681735
ethereum,2024-12-11,3626.5886417775,53.770972278517135,0.046718479749304605
ethereum,2024-12-12,3828.1075883404096,59.93361216224868,0.04603140580038604
ethereum,2024-12-13,3878.850012073054,61.33142866745174,0.04593016641581545
ethereum,2024-12-14,3907.429659505336,62.132745263422684,0.039772416551338716
ethereum,2024-12-15,3866.995802034805,60.23105631399353,0.03986583440101285
ethereum,2024-12-16,3961.3154661802314,63.07050522708759,0.04128771906461979
ethereum,2024-12-17,3992.857195846062,63.9962799581947,0.02525996592306351
ethereum,2024-12-18,3879.406224010089,58.33198202682473,0.026441005967132388
ethereum,2024-12-19,3628.2624780444953,48.16829151863716,0.030629602745596583
ethereum,2024-12-20,3434.6754695380805,42.08167131823153,0.0334284030260211
ethereum,2024-12-21,3468.658920056454,43.432978910142545,0.033744100577480556
ethereum,2024-12-22,3337.5972231166807,39.59605560634963,0.03451239801022241
ethereum,2024-12-23,3275.8894274015142,37.89846093107441,0.02855013669575852
ethereum,2024-12-24,3414.6414419807998,43.73925025962266,0.03712463737958246
ethereum,2024-12-25,3497.555287927574,46.9501433066972,0.04066402962032287
ethereum,2024-12-26,3494.5109273631047,46.84442943261623,0.0339944050659781
ethereum,2024-12-27,3327.7897761683494,41.35304490638377,0.0326939333884632
ethereum,2024-12-28,3328.6111553091764,41.389498218506,0.03220808264863566
ethereum,2024-12-29,3397.8341205085158,44.51935345733309,0.02992834342420576
ethereum,2024-12-30,3357.330742971463,43.07008039847131,0.029239392479336185
ethereum,2024-12-31,3359.513941757392,43.1774567794764,0.02384493174855316
ethereum,2025-01-01,3336.6175137659498,42.276860684374284,0.020821160309319273
ethereum,2025-01-02,3348.967247123586,42.967843622234014,0.021097677423423014
ethereum,2025-01-03,3448.140436960939,48.31812951621616,0.014855963953011139
ethereum,2025-01-04,3604.291379593176,55.41097056505494,0.02089010227892963
ethereum,2025-01-05,3660.37804173532,57.65870897933216,0.02059832423079777
ethereum,2025-01-06,3635.854996180709,56.321824272401926,0.01971109726859915
ethereum,2025-01-07,3687.144714058831,58.48965787020061,0.01911070046772937
ethereum,2025-01-08,3380.0211263090155,44.308392314475654,0.04146873067873984
ethereum,2025-01-09,3325.130029353736,42.33284782352425,0.04206199028733019
ethereum,2025-01-10,3219.09284475812,38.73952621460968,0.0412019138014121
ethereum,2025-01-11,3269.1759954060667,41.2750035898181,0.03585634579800974
ethereum,2025-01-12,3283.591322828503,42.018850836227344,0.03458709669804238
ethereum,2025-01-13,3264.070968533687,41.25676515498234,0.034617955347789615
ethereum,2025-01-14,3134.5520394596483,36.52348631925424,0.03307877389422464
ethereum,2025-01-15,3224.8006483414138,41.55508081845757,0.02480513093091251
ethereum,2025-01-16,3447.034047674796,51.70665421019611,0.03704949822194955
ethereum,2025-01-17,3309.44661399002,46.34007600861597,0.03850347807874929
ethereum,2025-01-18,3477.284285084809,52.778585959450986,0.04228020511451394
ethereum,2025-01-19,3309.0995676199964,46.728038919262936,0.047718517024549906
ethereum,2025-01-20,3208.1365439891497,43.50381817340134,0.049284145244049615
ethereum,2025-01-21,3263.069869880814,45.69920779902262,0.04653751859569887
ethereum,2025-01-22,3326.0285404709143,48.1843857901445,0.04591973872345956
ethereum,2025-01-23,3237.2996671291435,45.054802429186594,0.03725223953121195
ethereum,2025-01-24,3332.580893146162,48.89349581972461,0.036670398319127995
ethereum,2025-01-25,3311.8499838687,48.10599933427531,0.029583307181702694
ethereum,2025-01-26,3320.1314101789453,48.46309725652679,0.023150834836796166
ethereum,2025-01-27,3232.2767744705584,44.9307901864294,0.02227478768132546
ethereum,2025-01-28,3173.5346079397173,42.6902833033096,0.02208608639239921
ethereum,2025-01-29,3076.4937692857234,39.211665027473465,0.021445154526381866
ethereum,2025-01-30,3114.4358854363104,41.228167060670955,0.02172348969322919
ethereum,2025-01-31,3248.249484352305,47.80437993279334,0.025589035374489096
ethereum,2025-02-01,3296.390634843652,49.97313646374099,0.026421536344423308
ethereum,2025-02-02,3125.0386801320924,43.107417451841634,0.03271089572087554
ethereum,2025-02-03,2862.6976188716285,35.14604757166359,0.04350774480560756
ethereum,2025-02-04,2877.8138239498767,35.8808736824509,0.04424225141341626
ethereum,2025-02-05,2740.3809762760143,32.297816438928365,0.04582677915450595
ethereum,2025-02-06,2790.5521609256075,34.855330987168585,0.0464819211428523
ethereum,2025-02-07,2686.662316793651,32.147244026464165,0.039243699298141685
ethereum,2025-02-08,2623.4507017824767,30.589915812541946,0.03503466043689984
ethereum,2025-02-09,2635.6011418023404,31.27905246145103,0.036051850343677985
ethereum,2025-02-10,2632.5358220552475,31.19490618170194,0.024692131246929473
ethereum,2025-02-11,2660.2967996436387,32.9540349602252,0.025364349227442837
ethereum,2025-02-12,2603.0333698049267,31.1830189567749,0.020475690021779933
ethereum,2025-02-13,2736.27031360324,39.35025082464375,0.029198041897665856
ethereum,2025-02-14,2675.7090007037627,37.18973404205482,0.026646241503936546
ethereum,2025-02-15,2724.669833587396,40.055228968004016,0.02521646760175807
ethereum,2025-02-16,2692.8213863864253,38.81474848195034,0.026070802290078403
ethereum,2025-02-17,2659.9017474093457,37.52126849152042,0.02671787531750337
ethereum,2025-02-18,2741.9050800956124,42.64834735794707,0.028842528390965468
ethereum,2025-02-19,2669.494500689608,39.56116641120583,0.029630275881382916
ethereum,2025-02-20,2714.8018364720533,42.37205848601548,0.022512729476420062
ethereum,2025-02-21,2741.5933625994785,44.029732356434984,0.020657039190658154
ethereum,2025-02-22,2658.3470942919384,40.163811896869106,0.022969966715901437
ethereum,2025-02-23,2764.355233404291,46.59442768017032,0.027624070408475702
ethereum,2025-02-24,2827.1844084879804,50.022647929817055,0.02734353100940417
ethereum,2025-02-25,2503.103420098605,36.87404067927571,0.05210917864792676
ethereum,2025-02-26,2495.315451693047,36.62489989231493,0.05175656388023055
ethereum,2025-02-27,2325.853934699374,31.618784417484548,0.05468767234594541
ethereum,2025-02-28,2305.322937802984,31.064776111838896,0.05339831308385321
ethereum,2025-03-01,2235.204208608959,29.184050833501843,0.0533994791007179
ethereum,2025-03-02,2212.8243514969954,28.589120805159723,0.04645814131377733
ethereum,2025-03-03,2517.3382391622977,45.014137987793795,0.07794244647254112
ethereum,2025-03-04,2148.199533470228,34.61913111653273,0.08541735031521265
ethereum,2025-03-05,2171.496943535016,35.6294667992217,0.08599656832837996
ethereum,2025-03-06,2241.3841149187283,38.690159263619805,0.0843245097126143
ethereum,2025-03-07,2202.3207363495417,37.61360826635753,0.08450001119267664
ethereum,2025-03-07,2170.6478489082106,36.721420826375486,0.08386075352622918
monero,2024-03-08,143.95472269053442,13.938444905955407,0.3628388483614374
monero,2024-03-09,147.44122092621487,14.03725183563698,0.35108069735197944
monero,2024-03-10,143.79434556586816,14.019121111218013,0.3542421178870725
monero,2024-03-11,146.46311257769378,14.106552529424548,0.3547716611718878
monero,2024-03-12,145.13289071504926,14.098856837962089,0.35194453962664063
monero,2024-03-13,145.26280396890215,14.103785338916623,0.35304544428363316
monero,2024-03-14,149.2514188087754,14.266422644591401,0.35575248653929176
monero,2024-03-15,146.6965710957964,14.247813690097587,0.02087581442758697
monero,2024-03-16,142.00086493435202,14.211123001357663,0.022081842955359653
monero,2024-03-17,139.07806012053462,14.186634027548351,0.021516622612927604
monero,2024-03-18,140.954315481947,14.288741347366823,0.020678038486166776
monero,2024-03-19,141.23444369929604,14.30513615507401,0.020761762186868916
monero,2024-03-20,133.00513936449116,14.21909005155311,0.028991584903631226
monero,2024-03-21,139.75693345585492,14.672580945991243,0.035011264762889585
monero,2024-03-22,138.4756903391415,14.656746147977884,0.034825665585636996
monero,2024-03-23,134.74006566901747,14.60724779101426,0.03428754210661351
monero,2024-03-24,139.1487991645853,14.972211261328155,0.0366000052915038
monero,2024-03-25,142.1231763286116,15.23542566218731,0.03717782561576426
monero,2024-03-26,142.28576330037106,15.250869612644607,0.03717839476751938
monero,2024-03-27,135.37428736939438,15.124715627781654,0.03467066388337894
monero,2024-03-28,138.04440027624045,15.415813513681115,0.02908482106406534
monero,2024-03-29,135.07622226252795,15.352777351842633,0.029993678897059263
monero,2024-03-30,133.14079530718337,15.308819491891057,0.028671282700109234
monero,2024-03-31,129.2009176603476,15.213328049691881,0.025866795327328655
monero,2024-04-01,128.19663760727565,15.187322816067322,0.02198145853171933
monero,2024-04-02,123.4998349323235,15.057686422853124,0.022162210027458183
monero,2024-04-03,121.96128359145338,15.012480791233273,0.018199911561276986
monero,2024-04-04,128.7596846052958,16.209520174532088,0.030484324342395126
monero,2024-04-05,131.61157043647347,16.73930965987614,0.03204627190214475
monero,2024-04-06,126.95408836154506,16.555212471359795,0.03417518880657966
monero,2024-04-07,131.74326940339256,17.55924165553607,0.03594707420454126
monero,2024-04-08,131.36463621235654,17.54127156331458,0.03574182795119227
monero,2024-04-09,136.0359125686395,18.647430136475194,0.03229946482278432
monero,2024-04-10,133.26603270659027,18.489048302264735,0.03350829470369397
monero,2024-04-11,133.70998654786004,18.608372268893604,0.02779156166499354
monero,2024-04-12,133.37262200765943,18.58610605241597,0.02691348029131537
monero,2024-04-13,123.3271876203474,17.899309218998496,0.038112279066039506
monero,2024-04-14,115.8988654446688,17.387642386311867,0.038437710920911396
monero,2024-04-15,121.90809620705964,19.39500478856627,0.046602984207269535
monero,2024-04-16,123.16036644704934,19.832169163241616,0.0433812775351004
monero,2024-04-17,122.23716382546004,19.74713946207531,0.04330388810524493
monero,2024-04-18,117.32494182930208,19.27362901037077,0.043947874417582786
monero,2024-04-19,116.31936935229476,19.17228006900899,0.04365915397418822
monero,2024-04-20,117.02889434660176,19.49395942713744,0.03621875879435411
monero,2024-04-21,121.30693044711823,21.521979891164136,0.03048369192856377
monero,2024-04-22,118.79463109837126,21.184480259858972,0.024392520763035504
monero,2024-04-23,121.37226211472496,22.52686272653237,0.025804001706032424
monero,2024-04-24,121.4390635313901,22.56367213889895,0.025687002961991494
monero,2024-04-25,118.85728059986874,22.12611809371026,0.021484517969277313
monero,2024-04-26,119.86114161905115,22.753367167838903,0.021040372626364306
monero,2024-04-27,120.32620356034188,23.06254469242201,0.02102866450770334
monero,2024-04-28,122.7089662929406,24.724939423986854,0.017361606786831015
monero,2024-04-29,126.46095973070278,27.385573813985687,0.017112319483294194
monero,2024-04-30,128.72471688168474,29.01580132959384,0.016701604957377374
monero,2024-05-01,119.11389232995766,26.314709289589103,0.03588580169646284
monero,2024-05-02,122.98782190654518,29.176627215470845,0.03686603649546904
monero,2024-05-03,123.21041432534253,29.346433513326105,0.03686283638374436
monero,2024-05-04,124.88777423909907,30.69490852787108,0.037016739663770434
monero,2024-05-05,123.39538662478913,30.143663223212627,0.03698003746346584
monero,2024-05-06,134.29131788248603,38.78714284995948,0.04903984487342558
monero,2024-05-07,130.60133200983157,37.112404629969674,0.05073701540027028
monero,2024-05-08,127.83741984071382,35.86331447766868,0.03994031771690817
monero,2024-05-09,131.51909331316756,38.817304409498576,0.039626500891773046
monero,2024-05-10,132.54343200310615,39.65014469251666,0.039477757420398635
monero,2024-05-11,132.8395767862261,39.90483816707856,0.03959257843341815
monero,2024-05-12,131.9246374121072,39.3522719738864,0.03917946166716965
monero,2024-05-13,132.97969543237429,40.377539867205314,0.019142101778820843
monero,2024-05-14,135.39104843526508,42.75929404237037,0.016271717408627255
monero,2024-05-15,132.09369472675684,40.38364652745226,0.017156467702298776
monero,2024-05-16,134.4644864686594,42.8425249972134,0.014980373638167973
monero,2024-05-17,133.92204560709115,42.41150343306749,0.01505175164915454
monero,2024-05-18,134.9266919258088,43.54436468438709,0.015220825743785407
monero,2024-05-19,135.99587863638686,44.78913877879153,0.014748198668220464
monero,2024-05-20,134.51531676433274,43.36332276563753,0.015687370388949677
monero,2024-05-21,134.93085392900798,43.90307915759479,0.014009126735917527
monero,2024-05-22,136.078837742417,45.44978272907708,0.009388976713992327
monero,2024-05-23,138.42933235533172,48.57615567709403,0.00922749246131105
monero,2024-05-24,138.5574761350759,48.748609531312404,0.00866334849539375
monero,2024-05-25,140.8560906845563,51.86682538950086,0.009732338117133945
monero,2024-05-26,141.2076597378283,52.344402620232124,0.00978845865181234
monero,2024-05-27,142.25381344512255,53.81295298403578,0.006643583315806542
monero,2024-05-28,141.3947601291322,52.3853927714736,0.008432576700578771
monero,2024-05-29,141.80885343862917,53.03219374515053,0.008500738296646198
monero,2024-05-30,140.30103412940838,50.35014331135089,0.008837114481391038
monero,2024-05-31,146.05558014083442,58.89440817476185,0.017145158468925937
monero,2024-06-01,148.45463653542274,61.842561018166435,0.01713106485249641
monero,2024-06-02,148.71458584225854,62.159256336012184,0.017170739596158138
monero,2024-06-03,152.73514655127894,66.75514511024929,0.018679722643636928
monero,2024-06-04,154.93266066632518,68.97322038317998,0.017231224302155342
monero,2024-06-05,160.004743234898,73.3867764298068,0.017918354077462856
monero,2024-06-06,163.2453775303488,75.75937443360732,0.01293774827990937
monero,2024-06-07,165.38874572385663,77.20675982935886,0.010059569650300988
monero,2024-06-08,154.08726446701806,57.657865654822835,0.03421741541891654
monero,2024-06-09,168.59041462335526,68.6337800324003,0.04757634831827483
monero,2024-06-10,174.01424860834166,71.5988356099126,0.04775932691800185
monero,2024-06-11,178.51951701087972,73.81321392355393,0.04774069629786828
monero,2024-06-12,174.21676531912485,68.33347954033083,0.05026304654357971
monero,2024-06-13,180.72397941941912,71.7492513416702,0.05106602619385633
monero,2024-06-14,171.99492487995593,62.076066484134735,0.056572366043882986
monero,2024-06-15,170.5817394590217,60.650449815888464,0.04698624937768276
monero,2024-06-16,177.26150493037056,64.76905037242582,0.03463951306976736
monero,2024-06-17,176.99747373612837,64.48175708835288,0.032973720601139934
monero,2024-06-18,174.04566183325193,61.21273502552904,0.03193574857690378
monero,2024-06-19,169.84747411516958,56.80208005810015,0.03193779851724673
monero,2024-06-20,168.28647128134926,55.20914224409501,0.026468760079079202
monero,2024-06-21,169.58702984079278,56.30850838602115,0.020751916733388425
monero,2024-06-22,160.028795282403,47.14925155853929,0.029398624627788972
monero,2024-06-23,166.52873280005232,52.77493116828429,0.02979689693836692
monero,2024-06-24,163.94798196066753,50.47749615212002,0.029717939918874312
monero,2024-06-25,158.85404203324856,46.20216001618336,0.030698308142914167
monero,2024-06-26,162.6910096882318,49.660743480071616,0.033003322711336616
monero,2024-06-27,164.08674745189063,50.89736998449853,0.03336788934956088
monero,2024-06-28,165.94251930071644,52.565877105576796,0.033588705772610514
monero,2024-06-29,167.7233289877463,54.175050758589684,0.02385672774577639
monero,2024-06-30,165.41256221367516,51.723056181343566,0.019540610830585177
monero,2024-07-01,167.9252130810855,54.15297654287109,0.019130688132386147
monero,2024-07-02,168.32838819271075,54.548296452157054,0.011804265965749175
monero,2024-07-03,168.48761172690922,54.71436836941065,0.00970453281376345
monero,2024-07-04,165.54745715904204,51.0081325869948,0.012664316624065256
monero,2024-07-05,156.6042959133816,41.74528239888235,0.023514347330969878
monero,2024-07-06,155.16679975515748,40.473035762130316,0.022028561850979466
monero,2024-07-07,158.2344432413198,44.36940821551827,0.02476295487111254
monero,2024-07-08,149.43056868780155,36.90371041350128,0.028782275617492536
monero,2024-07-09,153.83077033647004,42.14359401064771,0.03317094477826191
monero,2024-07-10,155.1111332389702,43.61102341463155,0.033773789984332316
monero,2024-07-11,155.7029332092983,44.31405989520561,0.034078166697598875
monero,2024-07-12,158.4818006479974,47.61664868629672,0.02831549729332835
monero,2024-07-13,159.4406020534703,48.74613527955785,0.027890338096841466
monero,2024-07-14,157.2786688601849,46.32085116241783,0.027639178593678634
monero,2024-07-15,159.48507038365165,49.10397943427712,0.013325080349047648
monero,2024-07-16,158.52507217169318,47.939343349634015,0.010977902946733698
monero,2024-07-17,161.83964732770352,52.158453758593566,0.012640801826009634
monero,2024-07-18,160.20329198457492,50.00393698533589,0.014083592783528678
monero,2024-07-19,160.78773881608558,50.785865580119946,0.012743008287590037
monero,2024-07-20,161.2220733171487,51.39425672017741,0.012633938859017839
monero,2024-07-21,163.37401747936923,54.40193120911724,0.011250303890599531
monero,2024-07-22,164.34203394307616,55.72901652014844,0.010626135895729168
monero,2024-07-23,161.29382493782967,50.72287696048321,0.013364640209886626
monero,2024-07-24,160.7934530693462,49.92998172619145,0.01067999094346954
monero,2024-07-25,160.00037676103582,48.632371813851805,0.010097200910063803
monero,2024-07-26,162.31908787782692,52.51772594586679,0.011507996082998944
monero,2024-07-27,161.76485079682365,51.51471422441966,0.011625350358753546
monero,2024-07-28,162.64413731386887,53.04680590943321,0.010502789419329491
monero,2024-07-29,164.31388734843196,55.89684110730825,0.011064873821489346
monero,2024-07-30,161.2110225624391,49.842324889774886,0.011159160847670097
monero,2024-07-31,157.7209748453091,44.061325342397694,0.013882467427434585
monero,2024-08-01,157.73735810992878,44.09410587502634,0.013876145539889482
monero,2024-08-02,156.59970598595015,42.242914055941746,0.011869756098405675
monero,2024-08-03,158.02461851917985,45.338317657971324,0.013041674861691489
monero,2024-08-04,149.10030014070142,33.30077409663123,0.023197516755030494
monero,2024-08-05,149.87363691187443,34.913431572502134,0.02244834529270571
monero,2024-08-06,145.52219478148336,30.45189104270304,0.023218950172204843
monero,2024-08-07,147.428251160126,34.40595708553384,0.025025629449418434
monero,2024-08-08,145.92490288853506,32.820994993535066,0.02467966371435974
monero,2024-08-09,158.45909470473163,52.477488205474074,0.044255608454627664
monero,2024-08-10,153.29108370874303,46.44344179786601,0.0459947667497418
monero,2024-08-11,150.30626935051475,43.3436024269902,0.04070734542072658
monero,2024-08-12,149.1316191517651,42.151259275065584,0.04082550978005712
monero,2024-08-13,150.35914003343305,43.88839582533744,0.03879047088645248
monero,2024-08-14,147.6837409597845,40.99868526063668,0.03950654648551255
monero,2024-08-15,151.15797793136673,45.97339624635493,0.03998232227508699
monero,2024-08-16,149.2861490507188,43.82921615711956,0.018748806601334846
monero,2024-08-17,148.66873627075256,43.114923080303655,0.015390530897913004
monero,2024-08-18,150.16684180101703,45.43846644035002,0.0145535144953675
monero,2024-08-19,150.98859139968732,46.72394913172698,0.014233740945359893
monero,2024-08-20,155.09798594474697,52.72263292747605,0.01715914630943236
monero,2024-08-21,159.29430729082034,57.93164171946868,0.015731683234809394
monero,2024-08-22,161.92845815445847,60.84782172069966,0.015007627506897348
monero,2024-08-23,168.84521891622387,67.26467629124201,0.01575583170355263
monero,2024-08-24,172.9790780270877,70.38835528515446,0.012471309758266646
monero,2024-08-25,169.6576064582993,65.01982845200686,0.019842858601798224
monero,2024-08-26,166.5736037925268,60.412491780406164,0.023884377985822235
monero,2024-08-27,166.78224136115566,60.61581568261242,0.023571834799566906
monero,2024-08-28,155.66103526774677,46.81365990776534,0.03603823450069925
monero,2024-08-29,157.73979922815505,49.14462518266196,0.03577389271378979
monero,2024-08-30,162.18821995188642,53.809829049291416,0.032982263191349975
monero,2024-08-31,168.23199725013424,59.275869806608455,0.03518307306759347
monero,2024-09-01,168.6210250829588,59.607217514850184,0.03450862307796299
monero,2024-09-02,169.76714664304478,60.62370422364564,0.033638737744866753
monero,2024-09-03,170.2021521401653,61.02460528114305,0.033629647898600665
monero,2024-09-04,172.9700930252289,63.566458568241046,0.0132713427411864
monero,2024-09-05,170.8487605726043,60.319659250867176,0.016913883235987054
monero,2024-09-06,172.55931982793612,62.00492652972605,0.015252357195032486
monero,2024-09-07,165.11990987731207,51.717317760820634,0.01995202909807601
monero,2024-09-08,167.48546699937552,54.313050844918536,0.020926877649330936
monero,2024-09-09,171.97020248167317,58.83180343001099,0.023353425833711108
monero,2024-09-10,170.73261340887925,57.15191097987508,0.023609751815591173
monero,2024-09-11,167.23182156010162,52.57838582453051,0.023656720254004834
monero,2024-09-12,173.14520073427929,58.604381471393175,0.02759433479449803
monero,2024-09-13,172.35216980967377,57.54823639482196,0.02745997032919682
monero,2024-09-14,170.43239414593504,54.96579174204998,0.020951887830646228
monero,2024-09-15,169.52532558582368,53.738745739788506,0.02076584686645842
monero,2024-09-16,170.41870420036855,54.80879169992857,0.017862094095785316
monero,2024-09-17,170.35820933836115,54.716498236164476,0.01766272934137758
monero,2024-09-18,172.40381056551175,57.332880578053,0.015579759906897049
monero,2024-09-19,171.2369513093524,55.36771132147136,0.007898645673043018
monero,2024-09-20,175.14629911821766,60.27992023824734,0.011919815545566167
monero,2024-09-21,175.40490782094108,60.58892802813405,0.01039479412356247
monero,2024-09-22,177.1450072738225,62.69210436697209,0.00964632201426396
monero,2024-09-23,176.80830356291673,62.00261752985927,0.010146683338897117
monero,2024-09-24,171.73172576357177,52.60811662476089,0.01647529227683385
monero,2024-09-25,169.17293364626377,48.610148923212584,0.01668866570288778
monero,2024-09-26,165.35714245734337,43.32280701519356,0.018334722851218534
monero,2024-09-27,163.74180509173627,41.276024821016854,0.013688074441948526
monero,2024-09-28,164.10009642216176,41.93134650949962,0.013785405455065033
monero,2024-09-29,158.65001075993695,35.45073420121831,0.01334827899762646
monero,2024-09-30,152.969190439396,30.20970967361606,0.013715980091725378
monero,2024-10-01,154.1076610585011,32.36765704225246,0.01657209076922138
monero,2024-10-02,144.5201422113518,25.278861624832118,0.024273718094918486
monero,2024-10-03,136.6494957125475,21.178317468891322,0.027214931253926666
monero,2024-10-04,143.9653634405346,32.18921832217421,0.04083184779180985
monero,2024-10-05,148.83746148724845,38.364321135361735,0.04492385612082153
monero,2024-10-06,153.09775829680137,43.23236790601983,0.04634007546695896
monero,2024-10-07,147.62067343417192,38.97091708521993,0.04633641427446768
monero,2024-10-08,144.51801487850545,36.76038075644157,0.04639897125280873
monero,2024-10-09,149.50671225146982,42.41619630639282,0.04181253676605047
monero,2024-10-10,147.18096901052257,40.59347000688897,0.034431199780256945
monero,2024-10-11,153.17216926166446,46.921195413529105,0.03205947799129924
monero,2024-10-12,151.89021272820372,45.79711922744042,0.030618989911695982
monero,2024-10-13,150.3860491726337,44.45150793663444,0.028712535669045594
monero,2024-10-14,148.72806937465884,42.953384135082175,0.025197574141281823
monero,2024-10-15,156.85790208574284,51.57212252887712,0.02981958389117754
monero,2024-10-16,153.04774557413913,47.91819325186151,0.030736562898109148
monero,2024-10-17,155.57635146296676,50.428353722248104,0.02975466139333627
monero,2024-10-18,157.58431383300413,52.390659653407006,0.026376426296527256
monero,2024-10-19,160.4062496734156,55.0817743969174,0.02613197412189483
monero,2024-10-20,160.57176487135482,55.24157934808088,0.025185317962674866
monero,2024-10-21,163.21407152051216,57.82140172053201,0.023507071347590464
monero,2024-10-22,154.9280343030181,48.40012282616757,0.02640870720316537
monero,2024-10-23,156.9647518031217,50.53365720838135,0.024754043407106106
monero,2024-10-24,156.67806874216873,50.21890114508579,0.024157302314217758
monero,2024-10-25,157.24556963085487,50.871247600468315,0.023661366611963757
monero,2024-10-26,157.3520179783424,51.0009531390566,0.02233982729331735
monero,2024-10-27,160.2654313811004,54.53859234370212,0.023737153195715958
monero,2024-10-28,162.93803719750895,57.565261266007155,0.023762802859084074
monero,2024-10-29,163.06996311937675,57.71491554968003,0.008471924185374758
monero,2024-10-30,162.65441755793955,57.032633043956615,0.008761603949463804
monero,2024-10-31,161.84085850155145,55.64567692590362,0.00925048384384694
monero,2024-11-01,155.71674271037676,46.48211759017176,0.01859472112965206
monero,2024-11-02,156.384012002848,47.49664148556083,0.01870654065794229
monero,2024-11-03,154.30861188389082,44.660841212289675,0.01704025750345384
monero,2024-11-04,156.7754146361859,48.5898153713858,0.016893521317530615
monero,2024-11-05,157.90125348411004,50.32332257001631,0.017444552812939947
monero,2024-11-06,157.23186932845033,49.259784896394414,0.01742539019466037
monero,2024-11-07,161.41383863399597,55.57643823391511,0.02105018370128691
monero,2024-11-08,162.57943659667546,57.17661640063084,0.012945940060516446
monero,2024-11-09,165.72183202810842,61.231096902340454,0.013786423107318117
monero,2024-11-10,163.53210638825286,57.16919119635413,0.013771257867486151
monero,2024-11-11,162.32841896100126,55.00896142344972,0.01444112330490125
monero,2024-11-12,157.21348166872045,46.89909606000541,0.019880153143553344
monero,2024-11-13,151.61049789922268,39.95092131994812,0.02399364317908466
monero,2024-11-14,149.97558866060336,38.17374704476683,0.019553891781299473
monero,2024-11-15,146.59014355440613,34.72867546045637,0.01831289030919133
monero,2024-11-16,141.82458036082895,30.549245195376415,0.011579782166772025
monero,2024-11-17,150.81901032242567,44.198749754717454,0.03458295761286573
monero,2024-11-18,155.90418682514078,50.16242383408836,0.038558819821506836
monero,2024-11-19,156.13271610065783,50.41887627172374,0.03677107685518933
monero,2024-11-20,161.5459994338485,56.17201706412404,0.035111003104168835
monero,2024-11-21,160.53824827511178,54.89499437824188,0.034710302634305176
monero,2024-11-22,161.0493637770013,55.44820968058434,0.03189860985863299
monero,2024-11-23,162.2005935290331,56.73536260154445,0.025058467220828405
monero,2024-11-24,161.46054657355586,55.62286195690548,0.017196303002475623
monero,2024-11-25,162.53578310664508,56.943885893037816,0.013623487545410986
monero,2024-11-26,156.1838815599969,47.876919164714565,0.021962807456117603
monero,2024-11-27,161.3901143295791,54.299899386454115,0.021616695413030834
monero,2024-11-28,156.2372483821251,47.99584314874673,0.024809796175191946
monero,2024-11-29,159.44601985498684,51.75225097915319,0.026416442925457112
monero,2024-11-30,159.09842964386857,51.31980377118181,0.02616346840708981
monero,2024-12-01,163.03633481603205,55.82357968938582,0.028048877314089008
monero,2024-12-02,162.85681318252463,55.5711675738794,0.027974735861833983
monero,2024-12-03,173.74434356414892,65.70044150813055,0.03136701832995951
monero,2024-12-04,200.94480799663856,78.74084514603531,0.06225003442635
monero,2024-12-05,196.37219090074103,73.67015265391677,0.060724651470918524
monero,2024-12-06,193.4818222261118,70.57630306043382,0.06349089667406455
monero,2024-12-07,198.0325250637245,72.53218089122248,0.06207214832057501
monero,2024-12-08,200.7594305141648,73.66198665321009,0.06246177061166112
monero,2024-12-09,222.8006896701832,80.60585230463437,0.06666728254295656
monero,2024-12-10,175.69287071997945,50.16484363533789,0.11713037424950501
monero,2024-12-11,178.69525752280958,51.423979872138005,0.09789605212095549
monero,2024-12-12,198.45460304906075,58.80147831798587,0.10793482107937803
monero,2024-12-13,200.1403704012105,59.368448693244694,0.10751419834564305
monero,2024-12-14,207.14382227039656,61.72508294644356,0.1078370260268321
monero,2024-12-15,209.01045813999744,62.35184773537789,0.10783824733129051
monero,2024-12-16,222.3368717766576,66.56175193181107,0.10207515932047664
monero,2024-12-17,211.7999468787752,60.7749522163595,0.04948121238851423
monero,2024-12-18,212.49470309020745,61.0156142817693,0.05026133304816096
monero,2024-12-19,212.72626362845645,61.101277875176145,0.033997130429639796
monero,2024-12-20,194.1068545191726,51.33356195039422,0.05035837835930353
monero,2024-12-21,195.4081027680884,51.91213364422677,0.04785004174794141
monero,2024-12-22,183.25971675513844,46.36964854742617,0.05124946345981251
monero,2024-12-23,190.11000820368403,49.6350685687547,0.044851987895904714
monero,2024-12-24,190.56923646297437,49.85549112253382,0.043952319524760024
monero,2024-12-25,189.56876762254103,49.348776060444564,0.04350552588250963
monero,2024-12-26,191.0050299575736,50.13235821020555,0.043980223906581774
monero,2024-12-27,188.63225902132,48.78950744927685,0.03015937064630885
monero,2024-12-28,192.75715519275465,51.234964558754456,0.03154242966287978
monero,2024-12-29,196.7151234771384,53.528129142106394,0.017318403459402526
monero,2024-12-30,192.4319414637648,50.74703155393918,0.01630472842705785
monero,2024-12-31,190.57462556913836,49.54494039588827,0.016863288057020354
monero,2025-01-01,193.5379451856504,51.51819420994978,0.017575631314772966
monero,2025-01-02,195.3165561360091,52.71356314875432,0.017654573893595867
monero,2025-01-03,197.09928257670157,53.9394234374816,0.01627542299234048
monero,2025-01-04,200.9096938133343,56.53320744172989,0.0158978867143683
monero,2025-01-05,194.27877161079903,51.136574984656384,0.020090685688449666
monero,2025-01-06,196.770464820298,52.95396267916665,0.018494253555294198
monero,2025-01-07,203.9021747282776,57.79272985846939,0.02107659259443349
monero,2025-01-08,194.16489911828157,50.20082117757192,0.029956466180167306
monero,2025-01-09,201.4461569986658,54.964935643913996,0.03302387512565333
monero,2025-01-10,190.76146392956892,47.74651760464501,0.03943345615609164
monero,2025-01-11,199.0907205596396,52.93546161756869,0.042763064272176576
monero,2025-01-12,198.15052942305505,52.30407716620404,0.04045498139787579
monero,2025-01-13,199.9872955119603,53.47165847509841,0.04034098740024091
monero,2025-01-14,202.56605830702037,55.13232219196241,0.03803574727151115
monero,2025-01-15,205.47970441403257,56.999755653370094,0.0318694323973603
monero,2025-01-16,208.33727743999256,58.81044467057048,0.029455280082867193
monero,2025-01-17,221.50591709701055,65.93027754099714,0.023272678439406922
monero,2025-01-18,230.6264527879932,69.82116986988235,0.0228991259288614
monero,2025-01-19,217.13653069369525,59.07490738277729,0.037502158214654094
monero,2025-01-20,204.2890494793901,51.020905635980036,0.046669351302425534
monero,2025-01-21,207.92299687786743,52.97386533718085,0.0468612828017392
monero,2025-01-22,214.87287423612207,56.54271541966368,0.04805549102039302
monero,2025-01-23,222.9390472370165,60.30775669330693,0.04939962948555243
monero,2025-01-24,221.60912256060075,59.39407593163278,0.04376141529998906
monero,2025-01-25,221.14670291548555,59.059032161282836,0.04002053904495077
monero,2025-01-26,221.1815125751319,59.07774614067324,0.03244596791011477
monero,2025-01-27,218.5096177336642,56.92680216915403,0.019803143306497732
monero,2025-01-28,214.12308195335157,53.48397028367296,0.022281540485138075
monero,2025-01-29,218.3196636888979,56.21237689305241,0.019750481835596665
monero,2025-01-30,221.7262159107008,58.348101742166136,0.014219248102149943
monero,2025-01-31,231.86691431842337,63.98022806581353,0.022207339694477808
monero,2025-02-01,239.0253600123712,67.33775266139101,0.023492459960386652
monero,2025-02-02,234.1794184943802,63.05297820684669,0.02623181584589312
monero,2025-02-03,219.9346158326392,52.48144285661961,0.03690174108035849
monero,2025-02-04,226.07851808855617,55.9146448029502,0.03668029384651085
monero,2025-02-05,220.6487690234824,52.31714882238519,0.03813222748744224
monero,2025-02-06,226.8455319782341,55.811405044942745,0.039144642735365213
monero,2025-02-07,222.37815540932624,52.80701370390706,0.03510132650576565
monero,2025-02-08,204.71032274457932,42.95799527214688,0.04045097975692551
monero,2025-02-09,214.16999884435907,48.49676745275181,0.04783047099073656
monero,2025-02-10,220.25062178262965,51.74059092612363,0.04430852731343402
monero,2025-02-11,221.7988435179244,52.5598820586349,0.04287703954392636
monero,2025-02-12,223.1166328915046,53.28681320139588,0.04178514091315434
monero,2025-02-13,227.2210967521524,55.57038756188897,0.04094300425719158
monero,2025-02-14,224.4981814781756,53.695079890051105,0.04039435389212827
monero,2025-02-15,229.23075180672467,56.44615970706976,0.01853437239440388
monero,2025-02-16,230.8390151400299,57.37300142475046,0.013191400077966079
monero,2025-02-17,229.561150923696,56.346967086368494,0.011829794940118899
monero,2025-02-18,238.7872674185211,61.6759532763944,0.017564238438964087
monero,2025-02-19,237.8200625702859,60.83748689939885,0.018404119907815274
monero,2025-02-20,239.1844301093742,61.629915484891086,0.017978603194604235
monero,2025-02-21,229.5630711528378,53.42090935678474,0.02491049746032991
monero,2025-02-22,233.89568856101465,56.2471183588446,0.02466299128471596
monero,2025-02-23,234.52243046721563,56.65681010779457,0.02460390294291232
monero,2025-02-24,236.5859997368922,58.049649840280004,0.02441711484105515
monero,2025-02-25,226.82641861861785,49.88484653664968,0.02401652962861159
monero,2025-02-26,216.3095402606194,42.884953249378505,0.02810869064140235
monero,2025-02-27,213.50897765088635,41.22598917035778,0.026881298253829334
monero,2025-02-28,209.03825028257876,38.65524946262216,0.02487097238261007
monero,2025-03-01,217.0702955066193,45.259566252205964,0.02968201940573056
monero,2025-03-02,223.64753581649236,50.00603196975711,0.03329941280914147
monero,2025-03-03,229.8257157227662,54.037534658099595,0.035413587646936494
monero,2025-03-04,218.81793018087555,46.79669947699811,0.03665836709046768
monero,2025-03-05,223.94760743951815,50.148991536924626,0.03266218417864182
monero,2025-03-06,227.9295903080317,52.64345590112679,0.03183516139566671
monero,2025-03-07,228.7283058803337,53.14985363741159,0.029124128809717514
monero,2025-03-07,224.21410990687275,49.901956490523176,0.029061917439289507
